token	cid	when	status	data
123abc	12345abcde	9.46767E+11	SUCCESS	250 Ok
456def	12345abcde	9.46767E+11	SUCCESS	250 Ok
789ghi	12345abcde	9.46767E+11	SUCCESS	250 Ok
